,id,title,permalink,post_hint,url,created_utc,ups,downs,upvote_ratio,score,subreddit_id,subreddit_name_prefixed,subreddit_subscribers,over_18,num_comments,is_original_content,is_self,is_video,author,author_fullname,author_premium,content_categories,edited,domain
0,17qpt40,EU is doing it again!,/r/memes/comments/17qpt40/eu_is_doing_it_again/,image,https://i.redd.it/9at6d350l5zb1.jpg,1699461981.0,49056,0,0.95,49056,t5_2qjpg,r/memes,28347871,False,1265,False,False,False,Chili919,t2_6na7i76o,False,,False,i.redd.it
1,17quzeg,Math is hard...,/r/facepalm/comments/17quzeg/math_is_hard/,image,https://i.redd.it/8a41tua5q6zb1.jpg,1699475829.0,29782,0,0.94,29782,t5_2r5rp,r/facepalm,7788802,False,2084,False,False,False,TornApasrtheid,t2_w88urhu3,False,,False,i.redd.it
2,17r48ks,Readers added context,/r/facepalm/comments/17r48ks/readers_added_context/,image,https://i.redd.it/8pxwl1phu8zb1.jpg,1699501494.0,22909,0,0.95,22909,t5_2r5rp,r/facepalm,7788802,False,463,False,False,False,rustyyryan,t2_lq3w6ils,False,,False,i.redd.it
3,17r0txw,Horse making snow angels ,/r/MadeMeSmile/comments/17r0txw/horse_making_snow_angels/,hosted:video,https://v.redd.it/p74mgx3808zb1,1699491314.0,18602,0,0.97,18602,t5_2uqcm,r/MadeMeSmile,8585850,False,72,False,False,True,Recent-Sorbet,t2_56jkzbo5,False,,False,v.redd.it
4,17qpwyh,Wait till the end,/r/HolUp/comments/17qpwyh/wait_till_the_end/,hosted:video,https://v.redd.it/5nfmjgzul5zb1,1699462275.0,16649,0,0.93,16649,t5_qir9n,r/HolUp,3491309,False,244,False,False,True,ICELANDICNERDYCHICK,t2_g2qkixx63,False,,False,v.redd.it
5,17qzocc,The GOAT principal,/r/wholesomememes/comments/17qzocc/the_goat_principal/,image,https://i.redd.it/6yucmnueq7zb1.png,1699488016.0,15628,0,0.92,15628,t5_3gcwj,r/wholesomememes,14737782,False,351,False,False,False,Deep_Information2600,t2_e7ptmosz,False,,False,i.redd.it
6,17qr84p,"Another day, another Ryan Air murder on X",/r/MurderedByWords/comments/17qr84p/another_day_another_ryan_air_murder_on_x/,image,https://i.redd.it/0wgcppvaw5zb1.jpg,1699465781.0,14964,0,0.89,14964,t5_3hx3r,r/MurderedByWords,2838823,False,517,False,False,False,RedAliG,t2_ppxpw,False,,False,i.redd.it
7,17r7lh2,Was he impatient or does he have a point,/r/funny/comments/17r7lh2/was_he_impatient_or_does_he_have_a_point/,hosted:video,https://v.redd.it/n7urf1w5x9zb1,1699514507.0,12962,0,0.95,12962,t5_2qh33,r/funny,54132114,False,1476,False,False,True,Plus-Barber-6171,t2_ar1p8dq8,False,,False,v.redd.it
8,17qu088,Child sacrifice.,/r/facepalm/comments/17qu088/child_sacrifice/,image,https://i.redd.it/idjcz8qfi6zb1.jpg,1699473225.0,12230,0,0.91,12230,t5_2r5rp,r/facepalm,7788802,False,1922,False,False,False,HiroAmiya230,t2_5979hv51q,False,,False,i.redd.it
9,17qruch,When you don't even know what you're fighting for,/r/facepalm/comments/17qruch/when_you_dont_even_know_what_youre_fighting_for/,image,https://i.redd.it/6kkdgnp916zb1.jpg,1699467480.0,10160,0,0.97,10160,t5_2r5rp,r/facepalm,7788802,False,169,False,False,False,JimMcgee6,t2_vl001vxu,False,,False,i.redd.it
10,17qy8yb,I tried it so you wouldn't have to...,/r/memes/comments/17qy8yb/i_tried_it_so_you_wouldnt_have_to/,image,https://i.redd.it/k8j22i02f7zb1.jpg,1699484197.0,9780,0,0.97,9780,t5_2qjpg,r/memes,28347871,False,217,False,False,False,Im_Mr_Blue,t2_bxdp61q35,False,,False,i.redd.it
11,17r1ssg,Might as well not talk at this point :/,/r/memes/comments/17r1ssg/might_as_well_not_talk_at_this_point/,image,https://i.redd.it/hjtoo1ep88zb1.jpg,1699494166.0,9787,0,0.99,9787,t5_2qjpg,r/memes,28347871,False,34,False,False,False,JaxAKAAntonioFomby,t2_l60ewact,False,,False,i.redd.it
12,17qy707,Sad times,/r/memes/comments/17qy707/sad_times/,image,https://i.redd.it/mtjl8qjme7zb1.jpg,1699484050.0,8612,0,0.88,8612,t5_2qjpg,r/memes,28347871,False,716,False,False,False,TigerKing29,t2_609e5wkv,False,,False,i.redd.it
13,17r4tbc,Lucille Bogan was brutal!,/r/HolUp/comments/17r4tbc/lucille_bogan_was_brutal/,hosted:video,https://v.redd.it/sowomq2709zb1,1699503461.0,8660,0,0.96,8660,t5_qir9n,r/HolUp,3491309,True,160,False,False,True,DarthiusFatticus,t2_5t81wgdhd,True,,False,v.redd.it
14,17r1rrw,When American Workers Aren't Worth A Living Wage.,/r/facepalm/comments/17r1rrw/when_american_workers_arent_worth_a_living_wage/,image,https://i.redd.it/m0r3uvfg88zb1.jpg,1699494090.0,8974,0,0.89,8974,t5_2r5rp,r/facepalm,7788802,False,2260,False,False,False,Monsur_Ausuhnom,t2_wklq6e2,False,,False,i.redd.it
15,17r2hhk,It's finally over,/r/memes/comments/17r2hhk/its_finally_over/,image,https://i.redd.it/c40o7xsqe8zb1.jpg,1699496198.0,8498,0,0.96,8498,t5_2qjpg,r/memes,28347871,True,290,False,False,False,IcameInDadsCoffee,t2_cpmt47fww,True,,False,i.redd.it
16,17r54cf,wait,/r/HolUp/comments/17r54cf/wait/,hosted:video,https://v.redd.it/27kt603o39zb1,1699504580.0,8393,0,0.96,8393,t5_qir9n,r/HolUp,3491309,False,200,False,False,True,psychdlia,t2_3vac9usr,False,,False,v.redd.it
17,17qvmd3,To Those Who Gave,/r/wholesomememes/comments/17qvmd3/to_those_who_gave/,image,https://i.redd.it/ql5dze43v6zb1.jpg,1699477485.0,8200,0,0.99,8200,t5_3gcwj,r/wholesomememes,14737782,False,35,False,False,False,GratefullyHairy,t2_w72vyjx3,False,,False,i.redd.it
18,17rarul,Old memory unlocked,/r/wholesomememes/comments/17rarul/old_memory_unlocked/,image,https://i.redd.it/djneninq3bzb1.jpg,1699528820.0,8144,0,0.86,8144,t5_3gcwj,r/wholesomememes,14737782,False,546,False,False,False,TequillaShrab64,t2_sy1oxja8,False,,False,i.redd.it
19,17qsctl,Good parenting,/r/memes/comments/17qsctl/good_parenting/,image,https://i.redd.it/hd29znpe56zb1.gif,1699468845.0,7386,0,0.99,7386,t5_2qjpg,r/memes,28347871,False,8,False,False,False,Neo_Gunthet,t2_l0zcqza2,False,,False,i.redd.it
20,17r7vlg,Man tips $1300 to a pregnant waitress for Christmas.,/r/MadeMeSmile/comments/17r7vlg/man_tips_1300_to_a_pregnant_waitress_for_christmas/,hosted:video,https://v.redd.it/zqyy14iy0azb1,1699515776.0,7747,0,0.9,7747,t5_2uqcm,r/MadeMeSmile,8585850,False,652,False,False,True,SignalCrew739,t2_e8k9c3l7,False,,False,v.redd.it
21,17r8e99,Dad who hates cats is given a kitten for Christmas,/r/MadeMeSmile/comments/17r8e99/dad_who_hates_cats_is_given_a_kitten_for_christmas/,hosted:video,https://v.redd.it/227s4b4s7azb1,1699518113.0,8092,0,0.96,8092,t5_2uqcm,r/MadeMeSmile,8585850,False,174,False,False,True,staima_nemanista,t2_kvyltyhy,False,,False,v.redd.it
22,17qt4po,What massively improved your mental health?,/r/AskReddit/comments/17qt4po/what_massively_improved_your_mental_health/,,https://www.reddit.com/r/AskReddit/comments/17qt4po/what_massively_improved_your_mental_health/,1699470887.0,6851,0,0.95,6851,t5_2qh1i,r/AskReddit,43752310,False,8493,False,True,False,sexy_maier,t2_mdj6jaza8,False,,False,self.AskReddit
23,17rbm4b,Tom Hanks drops the f-bomb on Good Morning America,/r/WatchPeopleDieInside/comments/17rbm4b/tom_hanks_drops_the_fbomb_on_good_morning_america/,hosted:video,https://v.redd.it/0ikzde78dbzb1,1699532058.0,7816,0,0.94,7816,t5_3h4zq,r/WatchPeopleDieInside,5843909,False,1347,False,False,True,4nts,t2_90roghhsa,False,,False,v.redd.it
24,17rbi08,You just like me kitty,/r/wholesomememes/comments/17rbi08/you_just_like_me_kitty/,image,https://i.redd.it/9xqy29o2cbzb1.png,1699531621.0,7848,0,0.98,7848,t5_3gcwj,r/wholesomememes,14737782,False,52,False,False,False,cyrobite-,t2_ju2nvwsp6,False,,False,i.redd.it
25,17qrn1a,That simple,/r/memes/comments/17qrn1a/that_simple/,image,https://i.redd.it/jg3via3oz5zb1.jpg,1699466914.0,6030,0,0.96,6030,t5_2qjpg,r/memes,28347871,False,180,False,False,False,DrewsPops,t2_10avcxj7,False,,False,i.redd.it
26,17qpnrb,SAIL!,/r/funny/comments/17qpnrb/sail/,hosted:video,https://v.redd.it/eotokqkqj5zb1,1699461576.0,5958,0,0.96,5958,t5_2qh33,r/funny,54132114,False,288,False,False,True,DCArchibald,t2_7yjy4a9g,True,,False,v.redd.it
27,17r4yhq,"With Omegle shutting down, what are some disturbing story‚Äôs about the site?",/r/AskReddit/comments/17r4yhq/with_omegle_shutting_down_what_are_some/,,https://www.reddit.com/r/AskReddit/comments/17r4yhq/with_omegle_shutting_down_what_are_some/,1699503981.0,6132,0,0.9,6132,t5_2qh1i,r/AskReddit,43752310,True,1209,False,True,False,BookBagThrowAway,t2_2x8rraai,False,,False,self.AskReddit
28,17qzxhj,What is the weirdest thing you are or saw someone addicted to?,/r/AskReddit/comments/17qzxhj/what_is_the_weirdest_thing_you_are_or_saw_someone/,,https://www.reddit.com/r/AskReddit/comments/17qzxhj/what_is_the_weirdest_thing_you_are_or_saw_someone/,1699488704.0,5845,0,0.95,5845,t5_2qh1i,r/AskReddit,43752310,True,2947,False,True,False,JARClol,t2_aegs2tjyo,False,,False,self.AskReddit
29,17r0va6,Husband and wife comedians roast each other,/r/funny/comments/17r0va6/husband_and_wife_comedians_roast_each_other/,hosted:video,https://v.redd.it/af58q51j08zb1,1699491425.0,5805,0,0.88,5805,t5_2qh33,r/funny,54132114,False,180,False,False,True,crumble-bee,t2_641lp5jx,False,,False,v.redd.it
30,17r5ese,Not all right?!,/r/animememes/comments/17r5ese/not_all_right/,image,https://i.redd.it/zvo7q0sp69zb1.jpg,1699505660.0,5704,0,0.94,5704,t5_2tcn0,r/animememes,2031337,False,118,False,False,False,alina-misss,t2_myve1s1m2,False,,False,i.redd.it
31,17quppc,What do women actually expect guys to do at bars?,/r/AskReddit/comments/17quppc/what_do_women_actually_expect_guys_to_do_at_bars/,,https://www.reddit.com/r/AskReddit/comments/17quppc/what_do_women_actually_expect_guys_to_do_at_bars/,1699475131.0,5563,0,0.86,5563,t5_2qh1i,r/AskReddit,43752310,False,3966,False,True,False,ridersofthesky,t2_9gahx8n4w,False,,False,self.AskReddit
32,17qtpjc,[Mushoku Tensei] Sylphie's Fantasy,/r/Animemes/comments/17qtpjc/mushoku_tensei_sylphies_fantasy/,hosted:video,https://v.redd.it/yan3ywo0g6zb1,1699472424.0,5470,0,0.96,5470,t5_2w6fe,r/Animemes,4069474,True,74,False,False,True,AllahSulu,t2_nc0pg4zr,False,,False,v.redd.it
33,17qs0vv,Yep,/r/starwarsmemes/comments/17qs0vv/yep/,image,https://i.redd.it/izu7lr3l26zb1.png,1699467963.0,5470,0,0.97,5470,t5_2wzm6,r/starwarsmemes,512394,False,62,False,False,False,alaman-2885,t2_bxf42r3e,False,,False,i.redd.it
34,17qwzbu,Cat joins the interview,/r/MadeMeSmile/comments/17qwzbu/cat_joins_the_interview/,hosted:video,https://v.redd.it/ydy5f54b57zb1,1699480925.0,5381,0,0.95,5381,t5_2uqcm,r/MadeMeSmile,8585850,False,75,False,False,True,drytendies,t2_5xmx3pav,False,,False,v.redd.it
35,17r52y0,Little bird stuck at sea sends a farewell tweet after rescue,/r/MadeMeSmile/comments/17r52y0/little_bird_stuck_at_sea_sends_a_farewell_tweet/,hosted:video,https://v.redd.it/y1cajq2839zb1,1699504437.0,5453,0,0.99,5453,t5_2uqcm,r/MadeMeSmile,8585850,False,37,False,False,True,Elluminated,t2_h9dzr,False,,False,v.redd.it
36,17r8s7j,Existing is suffering,/r/memes/comments/17r8s7j/existing_is_suffering/,image,https://i.redd.it/4gxgn448dazb1.jpg,1699519900.0,5525,0,0.96,5525,t5_2qjpg,r/memes,28347871,False,323,False,False,False,IcameInDadsCoffee,t2_cpmt47fww,True,,False,i.redd.it
37,17r59lc,Doggo Broke Out While Owners Were Away,/r/MadeMeSmile/comments/17r59lc/doggo_broke_out_while_owners_were_away/,hosted:video,https://v.redd.it/zv2eu82959zb1,1699505122.0,5358,0,0.87,5358,t5_2uqcm,r/MadeMeSmile,8585850,False,283,False,False,True,noahstemann,t2_2mrielzi,False,,False,v.redd.it
38,17r3gyk,Now this is True Grit!!!,/r/wholesomememes/comments/17r3gyk/now_this_is_true_grit/,image,https://i.redd.it/mcbdmxt9n8zb1.png,1699499110.0,5205,0,0.9,5205,t5_3gcwj,r/wholesomememes,14737782,False,162,False,False,False,johnwayne2413,t2_185c1uh,False,,False,i.redd.it
39,17qyzw8,"You two are so close, are you dating? by @chimairasuzuki",/r/wholesomeanimemes/comments/17qyzw8/you_two_are_so_close_are_you_dating_by/,,https://www.reddit.com/gallery/17qyzw8,1699486169.0,5030,0,1.0,5030,t5_3hk53,r/wholesomeanimemes,1169165,False,21,False,False,False,hexiley,t2_736uy3ivk,False,,False,reddit.com
40,17qtsiv,Where would you take them?,/r/memes/comments/17qtsiv/where_would_you_take_them/,image,https://i.redd.it/u1bm8dmpg6zb1.jpg,1699472645.0,4848,0,0.99,4848,t5_2qjpg,r/memes,28347871,False,24,False,False,False,prlugo4162,t2_7s0zx0nz,False,,False,i.redd.it
41,17r4s3a,Title,/r/HolUp/comments/17r4s3a/title/,hosted:video,https://v.redd.it/uby1khbxz8zb1,1699503337.0,5070,0,0.97,5070,t5_qir9n,r/HolUp,3491309,False,61,False,False,True,Fabulous_Eye6851,t2_bsj9jsvj,False,,False,v.redd.it
42,17r4dqk,Karthus Ult,/r/LeagueOfMemes/comments/17r4dqk/karthus_ult/,image,https://i.redd.it/xn09szxrv8zb1.png,1699501950.0,4632,0,0.96,4632,t5_2tf0e,r/LeagueOfMemes,557281,False,65,False,False,False,Praelatuz,t2_g6ewcbv,False,,False,i.redd.it
43,17qqfhe,Can't wait!!!,/r/memes/comments/17qqfhe/cant_wait/,hosted:video,https://v.redd.it/e0yplzw2q5zb1,1699463689.0,4449,0,0.98,4449,t5_2qjpg,r/memes,28347871,False,42,False,False,True,Gabco-The-Best,t2_9hu0w8dm,False,,False,v.redd.it
44,17r9vth,The difference between giving attention to your phone &amp; your kids,/r/MadeMeSmile/comments/17r9vth/the_difference_between_giving_attention_to_your/,hosted:video,https://v.redd.it/2amw8qb7sazb1,1699524956.0,5027,0,0.95,5027,t5_2uqcm,r/MadeMeSmile,8585850,False,72,False,False,True,sophia-fiafi,t2_rc5r8cid,False,,False,v.redd.it
45,17qxfwx,I promised a few of you here almost a year ago I‚Äôd do this with my son when he could crawl and now here we are!,/r/MadeMeSmile/comments/17qxfwx/i_promised_a_few_of_you_here_almost_a_year_ago_id/,hosted:video,https://v.redd.it/ljgmqg1a87zb1,1699482111.0,4405,0,0.97,4405,t5_2uqcm,r/MadeMeSmile,8585850,False,143,False,False,True,yarnisland,t2_11mjui,False,,False,v.redd.it
46,17r3f0j,They'd be rolling in cash.,/r/memes/comments/17r3f0j/theyd_be_rolling_in_cash/,image,https://i.redd.it/4xkwgpeum8zb1.jpg,1699498942.0,4523,0,0.99,4523,t5_2qjpg,r/memes,28347871,False,13,False,False,False,Duzblimpin,t2_aisoqalb,False,,False,i.redd.it
47,17r96lz,I don‚Äôt know why I never thought of this till now,/r/memes/comments/17r96lz/i_dont_know_why_i_never_thought_of_this_till_now/,image,https://i.redd.it/6ybz5w9riazb1.jpg,1699521761.0,4310,0,0.99,4310,t5_2qjpg,r/memes,28347871,False,61,False,False,False,ybron,t2_5c7ea,False,,False,i.redd.it
48,17qtyfi,[OC] this sign at the local dry cleaners,/r/MadeMeSmile/comments/17qtyfi/oc_this_sign_at_the_local_dry_cleaners/,image,https://i.redd.it/rpum0nx0i6zb1.jpg,1699473087.0,3832,0,1.0,3832,t5_2uqcm,r/MadeMeSmile,8585850,False,16,False,False,False,WaltzEnvironmental63,t2_blg8zw2f,False,,False,i.redd.it
49,17r6kkz,When You're Seated Next To The Girl You Have a Crush On By Saku5855,/r/wholesomeanimemes/comments/17r6kkz/when_youre_seated_next_to_the_girl_you_have_a/,,https://www.reddit.com/gallery/17r6kkz,1699510140.0,3810,0,1.0,3810,t5_3hk53,r/wholesomeanimemes,1169165,False,21,False,False,False,National_Neck_1105,t2_b6t5lmiq,True,,False,reddit.com
50,17qz9wl,Ummm ya think?ü§£,/r/facepalm/comments/17qz9wl/ummm_ya_think/,image,https://i.redd.it/r26nnxr4n7zb1.jpg,1699486911.0,3622,0,0.98,3622,t5_2r5rp,r/facepalm,7788802,False,419,False,False,False,Suspicious_County_24,t2_fevvore0,False,,False,i.redd.it
51,17r9da0,*sniff*,/r/HolUp/comments/17r9da0/sniff/,hosted:video,https://v.redd.it/mhllwt77lazb1,1699522583.0,3747,0,0.98,3747,t5_qir9n,r/HolUp,3491309,False,75,False,False,True,Literally_b1ack,t2_aa17djb62,False,,False,v.redd.it
52,17qu7eq,Kid finds wallet with 2k while fishing and returns it to the owner who lost it a year earlier,/r/MadeMeSmile/comments/17qu7eq/kid_finds_wallet_with_2k_while_fishing_and/,hosted:video,https://v.redd.it/w4on2381k6zb1,1699473767.0,3493,0,0.98,3493,t5_2uqcm,r/MadeMeSmile,8585850,False,91,False,False,True,Sufficient-Bug-9112,t2_d65immhd,True,,False,v.redd.it
53,17r7ucf,KevinüôÇ,/r/facepalm/comments/17r7ucf/kevin/,image,https://i.redd.it/2fxobjji0azb1.jpg,1699515626.0,3682,0,0.95,3682,t5_2r5rp,r/facepalm,7788802,False,1130,False,False,False,ekfow,t2_7bmx4sbd,False,,False,i.redd.it
54,17qqcdr,The Dark Ayame Rises,/r/Animemes/comments/17qqcdr/the_dark_ayame_rises/,hosted:video,https://v.redd.it/h3o3ch2wo5zb1,1699463454.0,3401,0,0.99,3401,t5_2w6fe,r/Animemes,4069474,False,22,False,False,True,GotTwisted,t2_nyunmuro,False,,False,v.redd.it
55,17qtuxz,What are some foods that aren't as unhealthy as people make them out to be?,/r/AskReddit/comments/17qtuxz/what_are_some_foods_that_arent_as_unhealthy_as/,,https://www.reddit.com/r/AskReddit/comments/17qtuxz/what_are_some_foods_that_arent_as_unhealthy_as/,1699472824.0,3325,0,0.96,3325,t5_2qh1i,r/AskReddit,43752310,False,1990,False,True,False,Meerkate,t2_dr7ow,False,,False,self.AskReddit
56,17qxmpp,Yui Ishikawa gets emotional after recording her last line as Mikasa for Attack on Titan.  Both Yuki Kaji &amp; Marina Inoue hugs her afterwards. Really Wholesome Stuff. ,/r/anime/comments/17qxmpp/yui_ishikawa_gets_emotional_after_recording_her/,hosted:video,https://v.redd.it/ah36jvc6a7zb1,1699482612.0,3313,0,0.96,3313,t5_2qh22,r/anime,8420960,False,106,False,False,True,Which_Sun_4144,t2_flilw8fgg,False,['entertainment'],False,v.redd.it
57,17rbwnb,Are people still watching this?,/r/memes/comments/17rbwnb/are_people_still_watching_this/,image,https://i.redd.it/28q5te2jgbzb1.jpg,1699533118.0,4071,0,0.91,4071,t5_2qjpg,r/memes,28347871,False,474,False,False,False,child-of-old-gods,t2_8hgo9ewa,True,,False,i.redd.it
58,17qy81q,"I thought I was moving in with my boyfriend, but ended up just moving in. I didn't have food in the fridge, breakfast was a slice of bread. My coworker gave me half his sandwich so I wouldnt be hungry.",/r/MadeMeSmile/comments/17qy81q/i_thought_i_was_moving_in_with_my_boyfriend_but/,image,https://i.redd.it/59z2onrue7zb1.jpg,1699484130.0,3165,0,0.83,3165,t5_2uqcm,r/MadeMeSmile,8585850,False,310,False,False,False,Corgi_with_stilts,t2_n2bmqr3,False,,False,i.redd.it
59,17r09pm,What,/r/facepalm/comments/17r09pm/what/,image,https://i.redd.it/9uoa4frfv7zb1.jpg,1699489704.0,3023,0,0.97,3023,t5_2r5rp,r/facepalm,7788802,False,868,False,False,False,GreatYamOfHope,t2_g83k8jz1m,False,,False,i.redd.it
60,17qyinb,Owning a chameleon,/r/MadeMeSmile/comments/17qyinb/owning_a_chameleon/,hosted:video,https://v.redd.it/xsld5rc4h7zb1,1699484889.0,3072,0,0.99,3072,t5_2uqcm,r/MadeMeSmile,8585850,False,33,False,False,True,NationYell,t2_e4vyq,False,,False,v.redd.it
61,17qqt6k,"Luffy, Naruto, Ichigo &amp; Goku VA",/r/Animemes/comments/17qqt6k/luffy_naruto_ichigo_goku_va/,hosted:video,https://v.redd.it/ui68d6s0t5zb1,1699464683.0,2934,0,0.98,2934,t5_2w6fe,r/Animemes,4069474,False,49,False,False,True,EasternNecessary3553,t2_7yr7ts1i,False,,False,v.redd.it
62,17qylle,This is the end...,/r/memes/comments/17qylle/this_is_the_end/,image,https://i.redd.it/3cfst82rh7zb1.jpg,1699485102.0,2908,0,0.96,2908,t5_2qjpg,r/memes,28347871,False,156,False,False,False,klippo55,t2_5sima2dl,False,,False,i.redd.it
63,17qtpai,NAHHHHHH üíÄüíÄüíÄüíÄüíÄüíÄüíÄ,/r/HolUp/comments/17qtpai/nahhhhhh/,hosted:video,https://v.redd.it/vx4ekk7wf6zb1,1699472408.0,2840,0,0.95,2840,t5_qir9n,r/HolUp,3491309,False,132,False,False,True,sadpastlife,t2_44ddtmtli,False,,False,v.redd.it
64,17qr10o,Newborn,/r/funny/comments/17qr10o/newborn/,image,https://i.redd.it/bsh68p2pu5zb1.png,1699465252.0,2853,0,0.96,2853,t5_2qh33,r/funny,54132114,False,47,False,False,False,TylerHendrix,t2_93tmc,False,,False,i.redd.it
65,17qudzk,Charlie Adelson verdict,/r/WatchPeopleDieInside/comments/17qudzk/charlie_adelson_verdict/,hosted:video,https://v.redd.it/mj700e8kl6zb1,1699474277.0,2807,0,0.95,2807,t5_3h4zq,r/WatchPeopleDieInside,5843909,False,227,False,False,True,Consistent_Resist_22,t2_abbm59xs,False,,False,v.redd.it
66,17r1tzu,Localization then vs now,/r/Animemes/comments/17r1tzu/localization_then_vs_now/,image,https://i.redd.it/4bp43pzz88zb1.jpg,1699494265.0,2914,0,0.94,2914,t5_2w6fe,r/Animemes,4069474,False,148,False,False,False,Available_Reason7795,t2_6o9d2eid,False,,False,i.redd.it
67,17qqo29,Rich people problems ,/r/MadeMeSmile/comments/17qqo29/rich_people_problems/,hosted:video,https://v.redd.it/5e0wl86xr5zb1,1699464319.0,2814,0,0.94,2814,t5_2uqcm,r/MadeMeSmile,8585850,False,58,False,False,True,its_luckyluke,t2_1z73d4l7,True,,False,v.redd.it
68,17qwmxm,They aren't useless,/r/memes/comments/17qwmxm/they_arent_useless/,image,https://i.redd.it/4xvm3smq27zb1.jpg,1699480054.0,2769,0,0.88,2769,t5_2qjpg,r/memes,28347871,False,326,False,False,False,AveragePerson_E,t2_5fa17ztq8,False,,False,i.redd.it
69,17rab64,I can relate to this,/r/wholesomememes/comments/17rab64/i_can_relate_to_this/,image,https://i.redd.it/99c4wj8xxazb1.jpg,1699526861.0,3045,0,0.98,3045,t5_3gcwj,r/wholesomememes,14737782,False,14,False,False,False,Naughtydannixo,t2_8ysc3daq,False,,False,i.redd.it
70,17qwtea,Just a normal college post,/r/HolUp/comments/17qwtea/just_a_normal_college_post/,image,https://i.redd.it/dcobsyk347zb1.jpg,1699480510.0,2764,0,0.99,2764,t5_qir9n,r/HolUp,3491309,True,5,False,False,False,hgxpsobzknbiapkuhw,t2_7tn7kr77,False,,False,i.redd.it
71,17r7bp7,The rich are very good at asking the poor for money to give to the poor.,/r/facepalm/comments/17r7bp7/the_rich_are_very_good_at_asking_the_poor_for/,image,https://i.redd.it/fumg54cjt9zb1.png,1699513309.0,2925,0,0.98,2925,t5_2r5rp,r/facepalm,7788802,False,55,False,False,False,Teaxrs,t2_3n32qqrx,False,,False,i.redd.it
72,17qutaj,KSANTE,/r/LeagueOfMemes/comments/17qutaj/ksante/,image,https://i.redd.it/ne1uje8qo6zb1.png,1699475398.0,2579,0,0.99,2579,t5_2tf0e,r/LeagueOfMemes,557281,False,38,False,False,False,Conscious-Scale-587,t2_iblziafz,False,,False,i.redd.it
73,17r8247,Don‚Äôt know why I never thought bout this till now,/r/starwarsmemes/comments/17r8247/dont_know_why_i_never_thought_bout_this_till_now/,image,https://i.redd.it/1sf3xxbc3azb1.jpg,1699516576.0,2734,0,0.97,2734,t5_2wzm6,r/starwarsmemes,512394,False,167,False,False,False,ybron,t2_5c7ea,False,,False,i.redd.it
74,17qx1rs,[OC] You should've been more specific,/r/Animemes/comments/17qx1rs/oc_you_shouldve_been_more_specific/,image,https://i.redd.it/1mjhaagi57zb1.jpg,1699481095.0,2533,0,0.98,2533,t5_2w6fe,r/Animemes,4069474,False,69,False,False,False,Dr-Alex-Blast,t2_mhkrc6wn,False,,False,i.redd.it
75,17r5ina,Seems like we have a new therapist in the housepital,/r/wholesomememes/comments/17r5ina/seems_like_we_have_a_new_therapist_in_the/,image,https://i.redd.it/f77arja189zb1.png,1699506057.0,2586,0,0.99,2586,t5_3gcwj,r/wholesomememes,14737782,False,16,False,False,False,UncoveredOsd,t2_a6ashwze2,False,,False,i.redd.it
76,17qpkfa,Marvel Studios has made a letter to allow people to skip school or work tomorrow,/r/marvelstudios/comments/17qpkfa/marvel_studios_has_made_a_letter_to_allow_people/,link,https://twitter.com/marvelstudios/status/1722290383823020309?s=46&amp;t=gm8_ZWHkXVyI33Cq4Lafgw,1699461329.0,2377,0,0.93,2377,t5_2uii8,r/marvelstudios,3350265,False,304,False,False,False,wallcrawlingspidey,t2_k0depgp8,False,,False,twitter.com
77,17qsgtm,Oh snap,/r/starwarsmemes/comments/17qsgtm/oh_snap/,image,https://i.redd.it/31a1wsaa66zb1.jpg,1699469139.0,2417,0,0.99,2417,t5_2wzm6,r/starwarsmemes,512394,False,20,False,False,False,andychef,t2_5juws,False,,False,i.redd.it
78,17qudzs,I don't make the rules,/r/memes/comments/17qudzs/i_dont_make_the_rules/,image,https://i.redd.it/bp7om1ckl6zb1.jpg,1699474277.0,2352,0,0.98,2352,t5_2qjpg,r/memes,28347871,False,63,False,False,False,definitelynotbanana,t2_kvxf7mx1,False,,False,i.redd.it
79,17qt9hs,What‚Äôs something stupid that people pretend to have to try to look cool?,/r/AskReddit/comments/17qt9hs/whats_something_stupid_that_people_pretend_to/,,https://www.reddit.com/r/AskReddit/comments/17qt9hs/whats_something_stupid_that_people_pretend_to/,1699471238.0,2323,0,0.94,2323,t5_2qh1i,r/AskReddit,43752310,True,1351,False,True,False,PhillyBigboy,t2_scqrejix,False,,False,self.AskReddit
80,17r9e1q,Robot crushes man thinking he is a box.,/r/facepalm/comments/17r9e1q/robot_crushes_man_thinking_he_is_a_box/,image,https://i.redd.it/x6cjsfzhlazb1.png,1699522685.0,2558,0,0.97,2558,t5_2r5rp,r/facepalm,7788802,False,236,False,False,False,salsatalos,t2_807s0a05,False,,False,i.redd.it
81,17qxu1y,You know who you are,/r/memes/comments/17qxu1y/you_know_who_you_are/,image,https://i.redd.it/5922runwb7zb1.jpg,1699483136.0,2181,0,0.96,2181,t5_2qjpg,r/memes,28347871,False,181,False,False,False,DaveTheRocketGuy,t2_jtx2slik,False,,False,i.redd.it
82,17r0zig,Omegle.com has just been shut down. What are your best or worst memories using the site?,/r/AskReddit/comments/17r0zig/omeglecom_has_just_been_shut_down_what_are_your/,,https://www.reddit.com/r/AskReddit/comments/17r0zig/omeglecom_has_just_been_shut_down_what_are_your/,1699491752.0,2184,0,0.92,2184,t5_2qh1i,r/AskReddit,43752310,False,833,False,True,False,ReleaseThePressure,t2_mgq1c,False,,False,self.AskReddit
83,17qwuei,TIFU by calling my dog her nickname.,/r/tifu/comments/17qwuei/tifu_by_calling_my_dog_her_nickname/,,https://www.reddit.com/r/tifu/comments/17qwuei/tifu_by_calling_my_dog_her_nickname/,1699480583.0,2177,0,0.96,2177,t5_2to41,r/tifu,18480872,False,128,False,True,False,foolbull,t2_qa68p3h4,False,,False,self.tifu
84,17r7ew4,Not the most inconspicuous assassins,/r/memes/comments/17r7ew4/not_the_most_inconspicuous_assassins/,image,https://i.redd.it/mnukhyeru9zb1.jpg,1699513695.0,2519,0,0.99,2519,t5_2qjpg,r/memes,28347871,False,16,False,False,False,harriskeith29,t2_1mka1m2e,False,,False,i.redd.it
85,17qzun3,"""He's got great common sense""",/r/facepalm/comments/17qzun3/hes_got_great_common_sense/,image,https://i.redd.it/sogqo7nar7zb1.png,1699488477.0,1979,0,0.95,1979,t5_2r5rp,r/facepalm,7788802,False,334,False,False,False,Visqo,t2_ag7ey,False,,False,i.redd.it
86,17rbzam,That's a heart warming fellow,/r/MadeMeSmile/comments/17rbzam/thats_a_heart_warming_fellow/,hosted:video,https://v.redd.it/ogpucr5bhbzb1,1699533381.0,2453,0,0.99,2453,t5_2uqcm,r/MadeMeSmile,8585850,False,15,False,False,True,High_MacLeod,t2_zlsp4lc,False,,False,v.redd.it
87,17r75id,2023 in a Nutshell,/r/memes/comments/17r75id/2023_in_a_nutshell/,image,https://i.redd.it/wu8b512dr9zb1.png,1699512565.0,2080,0,0.96,2080,t5_2qjpg,r/memes,28347871,False,94,False,False,False,just_holdme,t2_5o1aj4ig,False,,False,i.redd.it
88,17r002s,Someone left this book behind. Hope they‚Äôre able to get the help they need!,/r/funny/comments/17r002s/someone_left_this_book_behind_hope_theyre_able_to/,image,https://i.redd.it/2h3879o3t7zb1.jpg,1699488919.0,1800,0,0.94,1800,t5_2qh33,r/funny,54132114,False,275,False,False,False,Lynncy1,t2_m1801,False,,False,i.redd.it
89,17qqe41,It's joever,/r/LeagueOfMemes/comments/17qqe41/its_joever/,,https://www.reddit.com/gallery/17qqe41,1699463587.0,1702,0,0.98,1702,t5_2tf0e,r/LeagueOfMemes,557281,False,155,False,False,False,Irelia4Life,t2_mwqb1xuzl,False,,False,reddit.com
90,17r3lfa,I've recreated the TVA in unreal 5,/r/marvelstudios/comments/17r3lfa/ive_recreated_the_tva_in_unreal_5/,,https://www.reddit.com/gallery/17r3lfa,1699499489.0,1748,0,0.99,1748,t5_2uii8,r/marvelstudios,3350265,False,49,False,False,False,DeskPixel,t2_1bbcelax,False,,False,reddit.com
91,17r4buv,‚ÄòThe Marvels‚Äô Arrives As The Third Worst-Reviewed MCU Movie Ever,/r/marvelstudios/comments/17r4buv/the_marvels_arrives_as_the_third_worstreviewed/,link,https://www.forbes.com/sites/paultassi/2023/11/08/the-marvels-arrives-as-the-third-worst-reviewed-mcu-movie-ever/?sh=673f575d53b9,1699501794.0,1763,0,0.87,1763,t5_2uii8,r/marvelstudios,3350265,False,942,False,False,False,johanas25,t2_e3vdyndp,False,,False,forbes.com
92,17qrrmv,A cool guide to Corpse paint,/r/coolguides/comments/17qrrmv/a_cool_guide_to_corpse_paint/,image,https://i.redd.it/yh8u3xjq06zb1.jpg,1699467272.0,1649,0,0.87,1649,t5_310rm,r/coolguides,3900964,False,205,False,False,False,doomtroll1978,t2_87w41,False,,False,i.redd.it
93,17qun4c,New Marvel Legends Arrive!,/r/marvelstudios/comments/17qun4c/new_marvel_legends_arrive/,image,https://i.redd.it/cpcchajjn6zb1.jpg,1699474943.0,1654,0,0.89,1654,t5_2uii8,r/marvelstudios,3350265,False,80,False,False,False,DredgenStrife,t2_7y6f6vuk,False,,False,i.redd.it
94,17rd1rj,Come on guys,/r/wholesomememes/comments/17rd1rj/come_on_guys/,image,https://i.redd.it/5boqe5zorbzb1.jpg,1699536878.0,2070,0,0.96,2070,t5_3gcwj,r/wholesomememes,14737782,False,179,False,False,False,Charlie9294,t2_oyschfn6,False,,False,i.redd.it
95,17r1he5,Outside the Matrix,/r/HolUp/comments/17r1he5/outside_the_matrix/,hosted:video,https://v.redd.it/j1rsw5jz58zb1,1699493256.0,1573,0,0.98,1573,t5_qir9n,r/HolUp,3491309,False,24,False,False,True,Project_001,t2_8o101nen,False,,False,v.redd.it
96,17r3qki,TIFU by making my dental care team think I‚Äôm cheating on my wife,/r/tifu/comments/17r3qki/tifu_by_making_my_dental_care_team_think_im/,,https://www.reddit.com/r/tifu/comments/17r3qki/tifu_by_making_my_dental_care_team_think_im/,1699499944.0,1545,0,0.88,1545,t5_2to41,r/tifu,18480872,True,137,False,True,False,LegoAbomination,t2_4kr0lsl4,False,,1699542823.0,self.tifu
97,17qzpnl,If you know which game i am talking about...,/r/memes/comments/17qzpnl/if_you_know_which_game_i_am_talking_about/,image,https://i.redd.it/q8sk2bnoq7zb1.jpg,1699488107.0,1541,0,0.93,1541,t5_2qjpg,r/memes,28347871,False,318,False,False,False,karinasnooodles_,t2_8lhhzangg,False,,False,i.redd.it
98,17qzxxn,What's the most 80's sounding song from the 1980's?,/r/AskReddit/comments/17qzxxn/whats_the_most_80s_sounding_song_from_the_1980s/,,https://www.reddit.com/r/AskReddit/comments/17qzxxn/whats_the_most_80s_sounding_song_from_the_1980s/,1699488741.0,1524,0,0.95,1524,t5_2qh1i,r/AskReddit,43752310,False,3783,False,True,False,Designer-Professor16,t2_jaxi3l8a4,False,,False,self.AskReddit
99,17r8xnc,"It's monster hunter, before someone asks",/r/memes/comments/17r8xnc/its_monster_hunter_before_someone_asks/,image,https://i.redd.it/qynk4acbfazb1.jpg,1699520604.0,1564,0,0.98,1564,t5_2qjpg,r/memes,28347871,False,204,False,False,False,IcameInDadsCoffee,t2_cpmt47fww,True,,False,i.redd.it
0,17qshjv,‚ÄòThe Marvels‚Äô Divides Movie Critics: Breezy Fun vs. ‚ÄúAbject Misery‚Äù,/r/marvelstudios/comments/17qshjv/the_marvels_divides_movie_critics_breezy_fun_vs/,link,https://www.hollywoodreporter.com/movies/movie-news/the-marvels-reviews-critics-rotten-tomatoes-1235639944/amp/,1699469193.0,1401,0,0.96,1401,t5_2uii8,r/marvelstudios,3350265,False,599,False,False,False,B3epB0opBOP,t2_gvg5sxbfk,False,,False,hollywoodreporter.com
1,17qqzcr,He made her quit smoking. [Kimagure Orange Road],/r/anime/comments/17qqzcr/he_made_her_quit_smoking_kimagure_orange_road/,hosted:video,https://v.redd.it/f83chl5ks5zb1,1699465125.0,1399,0,0.97,1399,t5_2qh22,r/anime,8420960,False,68,False,False,True,khanvau,t2_1089x3,False,['entertainment'],False,v.redd.it
2,17qqwt3,Just gone overnight,/r/memes/comments/17qqwt3/just_gone_overnight/,image,https://i.redd.it/c7qt22mst5zb1.gif,1699464943.0,1380,0,0.98,1380,t5_2qjpg,r/memes,28347871,False,22,False,False,False,windowlicker1234,t2_rct3r,False,,False,i.redd.it
3,17qtnu9,"Apparently the addition of millions of new young Dem voters, and subtraction of thousands of Rep Boomers dying off since the last election cycle has nothing to do with this outcome..",/r/facepalm/comments/17qtnu9/apparently_the_addition_of_millions_of_new_young/,image,https://i.redd.it/czbxftoof6zb1.jpg,1699472300.0,1320,0,0.95,1320,t5_2r5rp,r/facepalm,7788802,False,228,False,False,False,Mr__O__,t2_50ohvc92,False,,False,i.redd.it
4,17qrmio,"It's an ecchi looking show, how bad can it be?",/r/Animemes/comments/17qrmio/its_an_ecchi_looking_show_how_bad_can_it_be/,image,https://i.redd.it/f0sbcgljz5zb1.png,1699466872.0,1311,0,0.97,1311,t5_2w6fe,r/Animemes,4069474,False,84,False,False,False,OverhandEarth74,t2_3cry1yax,False,,False,i.redd.it
5,17qsgsm,What clearly displays insecurity although most people are unaware of it?,/r/AskReddit/comments/17qsgsm/what_clearly_displays_insecurity_although_most/,,https://www.reddit.com/r/AskReddit/comments/17qsgsm/what_clearly_displays_insecurity_although_most/,1699469137.0,1298,0,0.94,1298,t5_2qh1i,r/AskReddit,43752315,False,1116,False,True,False,alexacutiegirl,t2_mdll7ql2k,False,,False,self.AskReddit
6,17qxdlt,"what is riot smoking with those numbers, ""we've increased Irelia movement speed by x while: x+ 1‚àíx 2 ‚Äã ‚à£= 2 ‚Äã (2x 2 ‚àí1)""",/r/LeagueOfMemes/comments/17qxdlt/what_is_riot_smoking_with_those_numbers_weve/,image,https://i.redd.it/6vws2znt77zb1.png,1699481955.0,1297,0,0.92,1297,t5_2tf0e,r/LeagueOfMemes,557281,False,38,False,False,False,Haruspect,t2_100sr2,False,,False,i.redd.it
7,17r9c70,Pupils of the Wuju Style,/r/LeagueOfMemes/comments/17r9c70/pupils_of_the_wuju_style/,,https://www.reddit.com/gallery/17r9c70,1699522455.0,1305,0,0.96,1305,t5_2tf0e,r/LeagueOfMemes,557281,False,27,False,False,False,SarcasticMonkeys_,t2_1ez0tj4c,False,,False,reddit.com
8,17qxlp4,How did you find out your partner was cheating on you?,/r/AskReddit/comments/17qxlp4/how_did_you_find_out_your_partner_was_cheating_on/,,https://www.reddit.com/r/AskReddit/comments/17qxlp4/how_did_you_find_out_your_partner_was_cheating_on/,1699482536.0,1297,0,0.92,1297,t5_2qh1i,r/AskReddit,43752315,True,901,False,True,False,Quirky_Broccoli_842,t2_dmm3h7p0,False,,False,self.AskReddit
9,17qthe4,A cool guide to British biscuits,/r/coolguides/comments/17qthe4/a_cool_guide_to_british_biscuits/,image,https://i.redd.it/grc37t79e6zb1.png,1699471832.0,1236,0,0.93,1236,t5_310rm,r/coolguides,3900964,False,199,False,False,False,Crafty_Strike2088,t2_l7kcmxrnk,False,,False,i.redd.it
10,17qqm4f,What‚Äôs the worst name a kid can have?,/r/AskReddit/comments/17qqm4f/whats_the_worst_name_a_kid_can_have/,,https://www.reddit.com/r/AskReddit/comments/17qqm4f/whats_the_worst_name_a_kid_can_have/,1699464174.0,1179,0,0.92,1179,t5_2qh1i,r/AskReddit,43752315,False,4173,False,True,False,Will33iam,t2_4y5gyseh,False,,False,self.AskReddit
11,17qvw1g,No one can stop you!!!,/r/wholesomememes/comments/17qvw1g/no_one_can_stop_you/,image,https://i.redd.it/ttbt2ql4x6zb1.jpg,1699478168.0,1145,0,0.99,1145,t5_3gcwj,r/wholesomememes,14737784,False,6,False,False,False,pinkalpacacomics,t2_gocrwpy,False,,False,i.redd.it
12,17qrbdy,"Let‚Äôs do some gatekeeping, what‚Äôs your ‚Äúyou‚Äôve never been poor until you‚Äôve done _____‚Äù moment?",/r/AskReddit/comments/17qrbdy/lets_do_some_gatekeeping_whats_your_youve_never/,,https://www.reddit.com/r/AskReddit/comments/17qrbdy/lets_do_some_gatekeeping_whats_your_youve_never/,1699466031.0,1078,0,0.91,1078,t5_2qh1i,r/AskReddit,43752315,True,505,False,True,False,RoninKillz,t2_68bxbc5m,False,,False,self.AskReddit
13,17rapf5,Might lose soon,/r/HolUp/comments/17rapf5/might_lose_soon/,image,https://i.redd.it/2w5ru59x2bzb1.jpg,1699528544.0,1287,0,0.98,1287,t5_qir9n,r/HolUp,3491309,False,10,False,False,False,darthex-,t2_8mszciii,False,,False,i.redd.it
14,17r3gkj,The non-tenacity Morgana Q experience,/r/LeagueOfMemes/comments/17r3gkj/the_nontenacity_morgana_q_experience/,hosted:video,https://v.redd.it/gud3fjomm8zb1,1699499076.0,1050,0,0.99,1050,t5_2tf0e,r/LeagueOfMemes,557281,False,11,False,False,True,Alfredagren,t2_4a2fhlbw,False,,False,v.redd.it
15,17qsi4n,Uhhh I can explain ,/r/HolUp/comments/17qsi4n/uhhh_i_can_explain/,hosted:video,https://v.redd.it/3ydim2ik66zb1,1699469236.0,1023,0,0.98,1023,t5_qir9n,r/HolUp,3491309,False,22,False,False,True,MatthewDanieltank,t2_71ypvwg5,False,,False,v.redd.it
16,17r0o97,"SAG-AFTRA Reaches Tentative Agreement With Studios, Ending Actors Strike",/r/marvelstudios/comments/17r0o97/sagaftra_reaches_tentative_agreement_with_studios/,link,https://www.hollywoodreporter.com/business/business-news/sag-aftra-deal-reached-studios-union-contract-terms-1235607563/,1699490850.0,987,0,0.98,987,t5_2uii8,r/marvelstudios,3350265,False,88,False,False,False,MarvelsGrantMan136,t2_5adwlxvn,True,,False,hollywoodreporter.com
17,17r3e5g,"Tokyo Lab, which archived many old anime since 1955, will close in November, and they'll have to destroy all the masters unclaimed by right holders. They have even shared their email id and asked if anyone could take it of them. It's a sad situation.",/r/anime/comments/17r3e5g/tokyo_lab_which_archived_many_old_anime_since/,link,https://twitter.com/catsuka/status/1700214186943361031?s=20,1699498876.0,1014,0,0.99,1014,t5_2qh22,r/anime,8420960,False,52,False,False,False,Ready-Ad2943,t2_e5cz52f2,False,['entertainment'],False,twitter.com
18,17qx12b,Ever thought of that?,/r/starwarsmemes/comments/17qx12b/ever_thought_of_that/,image,https://i.redd.it/zehpzako57zb1.png,1699481043.0,981,0,0.68,981,t5_2wzm6,r/starwarsmemes,512394,False,394,False,False,False,MrDenzi,t2_3qt5iyyg,False,,False,i.redd.it
19,17rcy9x,Today is a sad day.,/r/HolUp/comments/17rcy9x/today_is_a_sad_day/,image,https://i.redd.it/wnagim2tqbzb1.png,1699536574.0,1436,0,0.89,1436,t5_qir9n,r/HolUp,3491309,False,154,False,False,False,lalaxoxo__,t2_jge9n2fr,False,,False,i.redd.it
20,17qsp08,Struggles of a support main,/r/LeagueOfMemes/comments/17qsp08/struggles_of_a_support_main/,image,https://i.redd.it/mbwtilv386zb1.png,1699469752.0,971,0,0.98,971,t5_2tf0e,r/LeagueOfMemes,557281,False,80,False,False,False,TheMightyXero,t2_ghjzxpt,False,,False,i.redd.it
21,17r5eix,Shrink think,/r/memes/comments/17r5eix/shrink_think/,image,https://i.redd.it/9qqrk60t69zb1.jpg,1699505634.0,992,0,0.99,992,t5_2qjpg,r/memes,28347871,False,28,False,False,False,TalkaboutJoudy,t2_6lnmnehl,False,,False,i.redd.it
22,17r322w,Australian Censorship is weird,/r/memes/comments/17r322w/australian_censorship_is_weird/,image,https://i.redd.it/mj4r20hpj8zb1.png,1699497873.0,921,0,0.99,921,t5_2qjpg,r/memes,28347871,False,9,False,False,False,Crafter235,t2_9bop8hz5s,False,,False,i.redd.it
23,17qq5pw,"WandaVision director reflects on Mephisto theories: ‚ÄúMephisto was never a part of our plan. So that was a head-scratcher. But hey, he's a great character.‚Äù",/r/marvelstudios/comments/17qq5pw/wandavision_director_reflects_on_mephisto/,link,https://www.inverse.com/entertainment/matt-shakman-monarch-legacy-of-monsters-godzilla,1699462954.0,882,0,0.98,882,t5_2uii8,r/marvelstudios,3350265,False,93,False,False,False,mooffgideon,t2_5cr698et,False,,False,inverse.com
24,17qrgbh,At what point you realised that this isn't the way you wanted to live your life?,/r/AskReddit/comments/17qrgbh/at_what_point_you_realised_that_this_isnt_the_way/,,https://www.reddit.com/r/AskReddit/comments/17qrgbh/at_what_point_you_realised_that_this_isnt_the_way/,1699466415.0,860,0,0.95,860,t5_2qh1i,r/AskReddit,43752315,True,289,False,True,False,Choice_Economy5437,t2_9yqzek9t,False,,False,self.AskReddit
25,17qtopp,Hits differently,/r/Animemes/comments/17qtopp/hits_differently/,hosted:video,https://v.redd.it/jqsx3d5qf6zb1,1699472366.0,868,0,0.98,868,t5_2w6fe,r/Animemes,4069474,False,8,False,False,True,MrFujimoto,t2_th8h9208,False,,False,v.redd.it
26,17qx47i,Repeat the cycle,/r/HolUp/comments/17qx47i/repeat_the_cycle/,hosted:video,https://v.redd.it/nixt5h3c67zb1,1699481266.0,912,0,0.96,912,t5_qir9n,r/HolUp,3491309,False,19,False,False,True,FlowwC,t2_5divqlj,False,,False,v.redd.it
27,17r4i7b,One must imagine ants happy,/r/memes/comments/17r4i7b/one_must_imagine_ants_happy/,image,https://i.redd.it/mlwfca05x8zb1.png,1699502385.0,882,0,0.99,882,t5_2qjpg,r/memes,28347871,False,7,False,False,False,Key_Internet7809,t2_qcsk5nvf,False,,False,i.redd.it
28,17r4znq,ass whooping ,/r/HolUp/comments/17r4znq/ass_whooping/,hosted:video,https://v.redd.it/irqq6qr829zb1,1699504102.0,887,0,0.96,887,t5_qir9n,r/HolUp,3491309,False,23,False,False,True,psychdlia,t2_3vac9usr,False,,False,v.redd.it
29,17r8yqq,‚ÄòLaid-Back Camp‚Äô Season 3 New Visual,/r/anime/comments/17r8yqq/laidback_camp_season_3_new_visual/,image,https://pbs.twimg.com/media/F-dcqpIaoAAG_nm.jpg,1699520745.0,853,0,0.98,853,t5_2qh22,r/anime,8420960,False,59,False,False,False,MarvelsGrantMan136,t2_5adwlxvn,True,['entertainment'],False,pbs.twimg.com
30,17raqr0,"Thank you for existing, AdBlock",/r/Animemes/comments/17raqr0/thank_you_for_existing_adblock/,image,https://i.redd.it/h3vl8nkd3bzb1.jpg,1699528697.0,857,0,0.97,857,t5_2w6fe,r/Animemes,4069474,False,26,False,False,False,MNicolas97,t2_ehp9jhbp,True,,False,i.redd.it
31,17r9jmi,"Tourist finds out merlion is under maintenance, asks the internet to help him with photoshop",/r/singapore/comments/17r9jmi/tourist_finds_out_merlion_is_under_maintenance/,,https://www.reddit.com/gallery/17r9jmi,1699523396.0,811,0,0.96,811,t5_2qh8c,r/singapore,794477,False,25,False,False,False,NiceSmellingFart,t2_3e44hk7x,False,,False,reddit.com
32,17r6xcv,Everyone has their biggest fan like this,/r/wholesomememes/comments/17r6xcv/everyone_has_their_biggest_fan_like_this/,image,https://i.redd.it/hekt07x0o9zb1.jpg,1699511628.0,761,0,0.99,761,t5_3gcwj,r/wholesomememes,14737784,False,12,False,False,False,Gianna_Emmerich,t2_rn4t1d2d,False,,False,i.redd.it
33,17r766h,Ahsoka is no youngling,/r/starwarsmemes/comments/17r766h/ahsoka_is_no_youngling/,image,https://i.redd.it/3iu2mcimr9zb1.jpg,1699512639.0,823,0,1.0,823,t5_2wzm6,r/starwarsmemes,512394,False,4,False,False,False,VernSternYT,t2_doxwud7x,False,,False,i.redd.it
34,17r82nw,What we truly want,/r/Animemes/comments/17r82nw/what_we_truly_want/,image,https://i.redd.it/2m2k6duh3azb1.png,1699516646.0,779,0,0.98,779,t5_2w6fe,r/Animemes,4069474,False,43,False,False,False,Unlucky-Pay6339,t2_hxyrkp73,False,,False,i.redd.it
35,17qy1uv,"Don't you guys love Riot's non-predatory, consumer-friendly monetization techniques?",/r/LeagueOfMemes/comments/17qy1uv/dont_you_guys_love_riots_nonpredatory/,image,https://i.redd.it/58no93iid7zb1.jpg,1699483676.0,759,0,0.9,759,t5_2tf0e,r/LeagueOfMemes,557281,False,104,False,False,False,Roberstial,t2_bk6ho8u6,False,,False,i.redd.it
36,17r1hui,The look on his face,/r/HolUp/comments/17r1hui/the_look_on_his_face/,hosted:video,https://v.redd.it/up169ma368zb1,1699493292.0,757,0,0.97,757,t5_qir9n,r/HolUp,3491309,False,15,False,False,True,Project_001,t2_8o101nen,False,,False,v.redd.it
37,17r9du6,Did bro just confess a murder,/r/HolUp/comments/17r9du6/did_bro_just_confess_a_murder/,image,https://i.redd.it/qu7b0a9flazb1.jpg,1699522657.0,748,0,0.94,748,t5_qir9n,r/HolUp,3491309,False,30,False,False,False,LeewiJ,t2_p5kcwhv2,False,,False,i.redd.it
38,17qs1c4,Back from fishing ,/r/funny/comments/17qs1c4/back_from_fishing/,hosted:video,https://v.redd.it/1f4g2mrv26zb1,1699467996.0,745,0,0.88,745,t5_2qh33,r/funny,54132118,False,24,False,False,True,pro_ornoob,t2_4954szfw,False,,False,v.redd.it
39,17reh95,A Strange World.,/r/facepalm/comments/17reh95/a_strange_world/,image,https://i.redd.it/j6qll40z3czb1.jpg,1699541011.0,1351,0,0.94,1351,t5_2r5rp,r/facepalm,7788802,False,146,False,False,False,Monsur_Ausuhnom,t2_wklq6e2,False,,False,i.redd.it
40,17r1sif,In all seriousness who is the worst anime character in your opinion,/r/animememes/comments/17r1sif/in_all_seriousness_who_is_the_worst_anime/,image,https://i.redd.it/55fw0k0n88zb1.jpg,1699494147.0,704,0,0.93,704,t5_2tcn0,r/animememes,2031337,False,101,False,False,False,Odd_Lecture_8133,t2_e3f3p0uu,False,,False,i.redd.it
41,17qpxyx,It do be like that,/r/memes/comments/17qpxyx/it_do_be_like_that/,image,https://i.redd.it/r53dxn60m5zb1.jpg,1699462356.0,671,0,0.92,671,t5_2qjpg,r/memes,28347871,False,92,False,False,False,Greekzeus1,t2_gkgqa2pr,False,,False,i.redd.it
42,17qrypj,Being a ghost is not easy ,/r/funny/comments/17qrypj/being_a_ghost_is_not_easy/,hosted:video,https://v.redd.it/xvga431b26zb1,1699467801.0,699,0,0.87,699,t5_2qh33,r/funny,54132118,False,14,False,False,True,Background-Egg-794,t2_mgfokhmd,False,,False,v.redd.it
43,17qs1fi,"I learned whenever I am feeling low, I get happy by making videos. And this is a video I made to make myself happy. I hope it makes you happy too.",/r/MadeMeSmile/comments/17qs1fi/i_learned_whenever_i_am_feeling_low_i_get_happy/,hosted:video,https://v.redd.it/2byb61oq26zb1,1699468003.0,653,0,0.98,653,t5_2uqcm,r/MadeMeSmile,8585851,False,68,False,False,True,spoonwije97,t2_6zixaibq,False,,False,v.redd.it
44,17r86x0,I know why i'm still single ü•≤,/r/memes/comments/17r86x0/i_know_why_im_still_single/,image,https://i.redd.it/tyhdclk35azb1.gif,1699517169.0,683,0,0.99,683,t5_2qjpg,r/memes,28347871,False,10,False,False,False,IcameInDadsCoffee,t2_cpmt47fww,True,,False,i.redd.it
45,17rablb,Instant golden buzzer,/r/memes/comments/17rablb/instant_golden_buzzer/,image,https://i.redd.it/1buyv892yazb1.jpg,1699526915.0,777,0,1.0,777,t5_2qjpg,r/memes,28347871,False,8,False,False,False,elch3w,t2_558iw72z,True,,False,i.redd.it
46,17r7b3z,Vivek proposes building a wall along the border with Canada,/r/facepalm/comments/17r7b3z/vivek_proposes_building_a_wall_along_the_border/,image,https://i.redd.it/5016f2rft9zb1.jpg,1699513245.0,704,0,0.95,704,t5_2r5rp,r/facepalm,7788802,False,525,False,False,False,Visqo,t2_ag7ey,False,,False,i.redd.it
47,17qpszi,The fact that 35% of people said yes is appalling‚Ä¶,/r/facepalm/comments/17qpszi/the_fact_that_35_of_people_said_yes_is_appalling/,image,https://i.redd.it/nbtb0k5zk5zb1.jpg,1699461972.0,620,0,0.73,620,t5_2r5rp,r/facepalm,7788802,False,719,False,False,False,ForeverSpiralingDown,t2_vv8xp2mn,False,,False,i.redd.it
48,17qx95p,'Black Panther' Stuntman and His Three Children Reported Dead in a Car Crash,/r/marvelstudios/comments/17qx95p/black_panther_stuntman_and_his_three_children/,link,https://echonewshub.com/black-panther-stuntman-and-his-three-children-reported-dead-in-a-car-crash/,1699481627.0,605,0,0.98,605,t5_2uii8,r/marvelstudios,3350265,False,19,False,False,False,Notalabel_4566,t2_ipbf10dq,False,,False,echonewshub.com
49,17r7ad9,Not proud to be a Texan right now,/r/facepalm/comments/17r7ad9/not_proud_to_be_a_texan_right_now/,image,https://i.redd.it/59dqb6a1t9zb1.png,1699513164.0,632,0,0.95,632,t5_2r5rp,r/facepalm,7788802,False,31,False,False,False,ymjoer,t2_5e4lsn7o,False,,False,i.redd.it
50,17qpzsx,Friendly reminder to stay hydrated,/r/Animemes/comments/17qpzsx/friendly_reminder_to_stay_hydrated/,image,https://i.redd.it/cnskyf2jm5zb1.png,1699462509.0,573,0,0.99,573,t5_2w6fe,r/Animemes,4069474,False,5,False,False,False,FarCritical,t2_swqh6,False,,False,i.redd.it
51,17r7676,TIFU enjoying anal too much,/r/tifu/comments/17r7676/tifu_enjoying_anal_too_much/,,https://www.reddit.com/r/tifu/comments/17r7676/tifu_enjoying_anal_too_much/,1699512642.0,608,0,0.76,608,t5_2to41,r/tifu,18480873,True,259,False,True,False,PenisInParis,t2_my0dc90sr,False,,False,self.tifu
52,17ra88g,Give this man his damn white powder!!,/r/Animemes/comments/17ra88g/give_this_man_his_damn_white_powder/,hosted:video,https://v.redd.it/n6j561qtwazb1,1699526509.0,596,0,0.96,596,t5_2w6fe,r/Animemes,4069474,False,12,False,False,True,Stroinz,t2_hksa42clp,False,,False,v.redd.it
53,17qwwsf,"What is the male equivalent to ""Cat Lady""?",/r/AskReddit/comments/17qwwsf/what_is_the_male_equivalent_to_cat_lady/,,https://www.reddit.com/r/AskReddit/comments/17qwwsf/what_is_the_male_equivalent_to_cat_lady/,1699480758.0,546,0,0.91,546,t5_2qh1i,r/AskReddit,43752315,False,1503,False,True,False,StatisticianLeast403,t2_jko5ex0sq,False,,False,self.AskReddit
54,17qtwcn,What would your reaction be if your SO or date told you his/her hobby is writing erotica?,/r/AskReddit/comments/17qtwcn/what_would_your_reaction_be_if_your_so_or_date/,,https://www.reddit.com/r/AskReddit/comments/17qtwcn/what_would_your_reaction_be_if_your_so_or_date/,1699472930.0,533,0,0.86,533,t5_2qh1i,r/AskReddit,43752315,True,635,False,True,False,Independent-Field920,t2_dmo2qi3ii,False,,False,self.AskReddit
55,17qs7yn,Same goes for the skibidi bs,/r/memes/comments/17qs7yn/same_goes_for_the_skibidi_bs/,image,https://i.redd.it/am9qklra46zb1.jpg,1699468471.0,524,0,0.91,524,t5_2qjpg,r/memes,28347871,False,54,False,False,False,urNANSfl1pFLOP,t2_r0jb8hwq,False,,False,i.redd.it
56,17rbg3a,Doesn't work on nudes,/r/HolUp/comments/17rbg3a/doesnt_work_on_nudes/,image,https://i.redd.it/gjowhirhbbzb1.jpg,1699531425.0,621,0,0.98,621,t5_qir9n,r/HolUp,3491309,False,12,False,False,False,etozheanna2,t2_789uvgj6z,False,,False,i.redd.it
57,17r37k3,Is Frieren as sad as the first few episodes make it seem?,/r/anime/comments/17r37k3/is_frieren_as_sad_as_the_first_few_episodes_make/,,https://www.reddit.com/r/anime/comments/17r37k3/is_frieren_as_sad_as_the_first_few_episodes_make/,1699498327.0,524,0,0.9,524,t5_2qh22,r/anime,8420960,False,122,False,True,False,sirnumbskull,t2_6z1s0,False,['entertainment'],False,self.anime
58,17r92q8,"People who have/had cancer, how did you first notice?",/r/AskReddit/comments/17r92q8/people_who_havehad_cancer_how_did_you_first_notice/,,https://www.reddit.com/r/AskReddit/comments/17r92q8/people_who_havehad_cancer_how_did_you_first_notice/,1699521254.0,604,0,0.96,604,t5_2qh1i,r/AskReddit,43752315,False,540,False,True,False,ShrekTheMovie,t2_2vzmd9v6,False,,False,self.AskReddit
59,17qyr2y,Avengers 4 : Intervention,/r/memes/comments/17qyr2y/avengers_4_intervention/,image,https://i.redd.it/dr116fexi7zb1.gif,1699485501.0,503,0,0.98,503,t5_2qjpg,r/memes,28347871,False,8,False,False,False,MemesByDeath,t2_8dln5jebu,False,,False,i.redd.it
60,17r6yov,"If Clone Wars characters were US politicians, who matches who?",/r/CloneWarsMemes/comments/17r6yov/if_clone_wars_characters_were_us_politicians_who/,image,https://i.redd.it/j1j4pi12p9zb1.png,1699511775.0,519,0,0.93,519,t5_3hauu,r/CloneWarsMemes,103563,False,56,False,False,False,Turbulent_Apple369,t2_ig40t0s9,False,,False,i.redd.it
61,17r1463,Haven‚Äôt watched anime in a while but when I did this happened ALL THE TIME. Like it was mandatory in ever SOF anime,/r/Animemes/comments/17r1463/havent_watched_anime_in_a_while_but_when_i_did/,image,https://i.redd.it/0mzijsdp28zb1.jpg,1699492152.0,493,0,0.98,493,t5_2w6fe,r/Animemes,4069474,False,41,False,False,False,Ajarofpickles97,t2_33ylie9,False,,False,i.redd.it
62,17qqoeu,john smith (the eminence in shadow s2),/r/anime/comments/17qqoeu/john_smith_the_eminence_in_shadow_s2/,hosted:video,https://v.redd.it/qzwklpc9q5zb1,1699464345.0,474,0,0.94,474,t5_2qh22,r/anime,8420960,False,35,False,False,True,GreatGrapeKun,t2_utpdcaxw,False,['entertainment'],False,v.redd.it
63,17r61az,It do be that way,/r/memes/comments/17r61az/it_do_be_that_way/,image,https://i.redd.it/fwu3g56xd9zb1.jpg,1699508027.0,494,0,0.99,494,t5_2qjpg,r/memes,28347871,False,6,False,False,False,Batman4everderp,t2_7levhgay,True,,False,i.redd.it
64,17r01of,It's great to be loved. But better when that love is someone you care about.,/r/wholesomememes/comments/17r01of/its_great_to_be_loved_but_better_when_that_love/,image,https://i.redd.it/ugykyupht7zb1.jpg,1699489050.0,473,0,0.76,473,t5_3gcwj,r/wholesomememes,14737784,False,102,False,False,False,KonradFelixCyprianus,t2_6wizdco2,True,,False,i.redd.it
65,17qspqm,The Marvels - Review Megathread,/r/marvelstudios/comments/17qspqm/the_marvels_review_megathread/,self,https://www.reddit.com/r/marvelstudios/comments/17qspqm/the_marvels_review_megathread/,1699469809.0,466,0,0.91,466,t5_2uii8,r/marvelstudios,3350265,False,1382,False,True,False,Toki_Wuz_Here,t2_aeq6b,False,,False,self.marvelstudios
66,17r3x37,When you post your own crimes on social networks...,/r/facepalm/comments/17r3x37/when_you_post_your_own_crimes_on_social_networks/,image,https://i.redd.it/x1ydafh7r8zb1.png,1699500496.0,476,0,0.94,476,t5_2r5rp,r/facepalm,7788802,False,32,False,False,False,Charlotte-Charlotte,t2_rn38aigg,False,,False,i.redd.it
67,17rbmlz,I feel this,/r/wholesomememes/comments/17rbmlz/i_feel_this/,image,https://i.redd.it/bew6qn0jdbzb1.jpg,1699532111.0,524,0,0.99,524,t5_3gcwj,r/wholesomememes,14737784,False,1,False,False,False,UlnaWolframic55,t2_sxsz7jfp,False,,False,i.redd.it
68,17qtajw,"It's me, Let me in",/r/memes/comments/17qtajw/its_me_let_me_in/,image,https://i.redd.it/pxak8flqc6zb1.jpg,1699471311.0,445,0,1.0,445,t5_2qjpg,r/memes,28347871,False,3,False,False,False,F-You-Simp,t2_7xr9xx6d,False,,False,i.redd.it
69,17qpqu5,Oi! I‚Äôm poopin‚Äô ‚Äòere,/r/memes/comments/17qpqu5/oi_im_poopin_ere/,image,https://i.redd.it/g3y0x0chk5zb1.jpg,1699461806.0,446,0,0.99,446,t5_2qjpg,r/memes,28347871,True,7,False,False,False,Ego_Sum_Lux_Mundi,t2_6ap4676s,True,,False,i.redd.it
70,17rbok4,"I tried to think of a title, but I just kept facepalming",/r/facepalm/comments/17rbok4/i_tried_to_think_of_a_title_but_i_just_kept/,image,https://i.redd.it/quqaiud4ebzb1.jpg,1699532317.0,627,0,0.98,627,t5_2r5rp,r/facepalm,7788802,False,47,False,False,False,UrsaeAlate8,t2_rjobpa1h,False,,False,i.redd.it
71,17qw1ne,Arrow in the knee &gt; Demon lord,/r/Animemes/comments/17qw1ne/arrow_in_the_knee_demon_lord/,image,https://i.redd.it/6eswrme9y6zb1.jpg,1699478553.0,437,0,0.99,437,t5_2w6fe,r/Animemes,4069474,False,15,False,False,False,Asleep-Diver,t2_5ydp5diy,False,,False,i.redd.it
72,17rax23,Man creates Taylor Swift swear jar for every time her name is mentioned in his home.,/r/funny/comments/17rax23/man_creates_taylor_swift_swear_jar_for_every_time/,image,https://i.redd.it/747m574g5bzb1.jpg,1699529391.0,472,0,0.82,472,t5_2qh33,r/funny,54132118,False,122,False,False,False,jray1126,t2_a2a7dtjq,False,,False,i.redd.it
73,17r8xjp,‚ÄúThe New Gate‚Äù Anime Announced,/r/anime/comments/17r8xjp/the_new_gate_anime_announced/,image,https://pbs.twimg.com/media/F-ev1t7bUAAWT_A.jpg,1699520591.0,445,0,0.93,445,t5_2qh22,r/anime,8420960,False,113,False,False,False,zenzen_0,t2_3absrqx1,True,['entertainment'],False,pbs.twimg.com
74,17rc5jo,In reference to that shoe drawing,/r/memes/comments/17rc5jo/in_reference_to_that_shoe_drawing/,image,https://i.redd.it/4mmzk0i1jbzb1.gif,1699533972.0,672,0,0.98,672,t5_2qjpg,r/memes,28347871,False,6,False,False,False,Remarkable_Toe2603,t2_hzux35b7,False,,False,i.redd.it
75,17r6vmy,Duly noted,/r/singapore/comments/17r6vmy/duly_noted/,image,https://i.redd.it/cuimkkl0o9zb1.jpg,1699511427.0,407,0,0.99,407,t5_2qh8c,r/singapore,794477,False,82,False,False,False,gillsansbold,t2_jluezd0,False,,False,i.redd.it
76,17qsnbr,"Ahh, students.",/r/funny/comments/17qsnbr/ahh_students/,image,https://i.redd.it/5ccw0ejq76zb1.jpg,1699469628.0,409,0,0.92,409,t5_2qh33,r/funny,54132118,False,20,False,False,False,MrsFeatures,t2_7arfn,False,,False,i.redd.it
77,17r80k6,Does god exist?,/r/facepalm/comments/17r80k6/does_god_exist/,image,https://i.redd.it/1kdp6cgp2azb1.png,1699516395.0,467,0,0.94,467,t5_2r5rp,r/facepalm,7788802,False,233,False,False,False,RoxanaSaith,t2_95as8aq6,False,,False,i.redd.it
78,17r5t3r,This kayn bug really isnt fixed yet?,/r/LeagueOfMemes/comments/17r5t3r/this_kayn_bug_really_isnt_fixed_yet/,image,https://i.redd.it/eaj0ahn9b9zb1.jpg,1699507135.0,453,0,0.93,453,t5_2tf0e,r/LeagueOfMemes,557281,False,59,False,False,False,Shyvadi,t2_7tgul7vr,False,,False,i.redd.it
79,17r99lf,A cool guide to the history of our existence...,/r/coolguides/comments/17r99lf/a_cool_guide_to_the_history_of_our_existence/,image,https://i.redd.it/x9pi7w9ujazb1.jpg,1699522153.0,448,0,0.92,448,t5_310rm,r/coolguides,3900964,False,33,False,False,False,NewssBag,t2_h30rp2xpp,False,,False,i.redd.it
80,17r6k91,This is kinda outrageous,/r/facepalm/comments/17r6k91/this_is_kinda_outrageous/,image,https://i.redd.it/bct6io61k9zb1.jpg,1699510100.0,409,0,0.96,409,t5_2r5rp,r/facepalm,7788802,False,52,False,False,False,ReceptiveFetish,t2_w72wgty3,False,,False,i.redd.it
81,17qwtb3,Refreshing ,/r/MadeMeSmile/comments/17qwtb3/refreshing/,hosted:video,https://v.redd.it/0kzy1oq247zb1,1699480503.0,382,0,0.99,382,t5_2uqcm,r/MadeMeSmile,8585851,False,12,False,False,True,IkilledRichieWhelan,t2_r80kfcoh,True,,False,v.redd.it
82,17qrdvs,What is your favorite anime of all time?,/r/Animesuggest/comments/17qrdvs/what_is_your_favorite_anime_of_all_time/,,https://www.reddit.com/r/Animesuggest/comments/17qrdvs/what_is_your_favorite_anime_of_all_time/,1699466222.0,378,0,0.97,378,t5_2ssl0,r/Animesuggest,994347,False,844,False,True,False,jerryow-,t2_bflc6z32,False,,False,self.Animesuggest
83,17r17va,Wilson Fisk is a character in the MCU I find genuinely terrifying,/r/marvelstudios/comments/17r17va/wilson_fisk_is_a_character_in_the_mcu_i_find/,image,https://i.redd.it/tdi4wdtm38zb1.jpg,1699492460.0,376,0,0.93,376,t5_2uii8,r/marvelstudios,3350265,False,84,False,False,False,blizzardmate,t2_f0ttz9v0r,False,,False,i.redd.it
84,17qpq5b,I feel a little woozy,/r/memes/comments/17qpq5b/i_feel_a_little_woozy/,hosted:video,https://v.redd.it/s7u5mx2ak5zb1,1699461752.0,360,0,0.98,360,t5_2qjpg,r/memes,28347871,False,8,False,False,True,Ego_Sum_Lux_Mundi,t2_6ap4676s,True,,False,v.redd.it
85,17r0y0i,"As a Reincarnated Aristocrat, I'll Use My Appraisal Skill to Rise in the World New Visual",/r/anime/comments/17r0y0i/as_a_reincarnated_aristocrat_ill_use_my_appraisal/,image,https://ogre.natalie.mu/media/news/comic/2023/1108/kanteiskill_KV2_yoko.jpg?imwidth=750&amp;imdensity=1,1699491648.0,357,0,0.88,357,t5_2qh22,r/anime,8420960,False,69,False,False,False,Turbostrider27,t2_t27vp,True,['entertainment'],False,ogre.natalie.mu
86,17r5xzn,My dog enjoying her first interstate holiday ‚ù§Ô∏è,/r/MadeMeSmile/comments/17r5xzn/my_dog_enjoying_her_first_interstate_holiday/,image,https://i.redd.it/ljrd4m0uc9zb1.jpg,1699507673.0,359,0,0.99,359,t5_2uqcm,r/MadeMeSmile,8585851,False,4,False,False,False,mlmantichrist,t2_56sf3yjd,False,,False,i.redd.it
87,17rch95,What are you in the top 1% of the world for?,/r/AskReddit/comments/17rch95/what_are_you_in_the_top_1_of_the_world_for/,,https://www.reddit.com/r/AskReddit/comments/17rch95/what_are_you_in_the_top_1_of_the_world_for/,1699535044.0,551,0,0.94,551,t5_2qh1i,r/AskReddit,43752315,False,1886,False,True,False,UnwantedJason,t2_64fd2j6y,False,,False,self.AskReddit
88,17r6ue1,All for what?,/r/memes/comments/17r6ue1/all_for_what/,image,https://i.redd.it/6xfi7awin9zb1.jpg,1699511277.0,382,0,0.98,382,t5_2qjpg,r/memes,28347871,True,16,False,False,False,ShiftLow,t2_7rji830f,False,,False,i.redd.it
89,17qthwu,Domino took quite an interest in this newborn calf!,/r/MadeMeSmile/comments/17qthwu/domino_took_quite_an_interest_in_this_newborn_calf/,,https://www.reddit.com/gallery/17qthwu,1699471866.0,332,0,0.99,332,t5_2uqcm,r/MadeMeSmile,8585851,False,6,False,False,False,Modern-Moo,t2_d8w4e436,True,,False,reddit.com
90,17rbfx1,maybe it's for the best u know...,/r/Animemes/comments/17rbfx1/maybe_its_for_the_best_u_know/,image,https://i.redd.it/hetzcekdbbzb1.png,1699531408.0,381,0,0.99,381,t5_2w6fe,r/Animemes,4069474,False,4,False,False,False,Waga_na_wa_Hu_Tao,t2_9rlbvcc9,True,,False,i.redd.it
91,17r9boe,Eren could never be in the same table as these 2,/r/Animemes/comments/17r9boe/eren_could_never_be_in_the_same_table_as_these_2/,image,https://i.redd.it/ovjslbomkazb1.jpg,1699522392.0,367,0,0.67,367,t5_2w6fe,r/Animemes,4069474,False,99,False,False,False,Keshan345,t2_92lydxv0,False,,False,i.redd.it
92,17rb5o3,Wholesome graffiti on the Long Island Rail Road,/r/wholesomememes/comments/17rb5o3/wholesome_graffiti_on_the_long_island_rail_road/,image,https://i.redd.it/2y9pzrk68bzb1.jpg,1699530313.0,355,0,1.0,355,t5_3gcwj,r/wholesomememes,14737784,False,3,False,False,False,JukeBoxDildo,t2_2wj3puki,False,,False,i.redd.it
93,17r2yn3,Legendry meme,/r/memes/comments/17r2yn3/legendry_meme/,image,https://i.redd.it/nbwrvtdui8zb1.png,1699497595.0,330,0,0.9,330,t5_2qjpg,r/memes,28347871,False,37,False,False,False,Additional_Topic_126,t2_gs6zytx7,False,,False,i.redd.it
94,17r7nqo,A little poem for y‚Äòall,/r/wholesomememes/comments/17r7nqo/a_little_poem_for_yall/,image,https://i.redd.it/vzby8qm0y9zb1.jpg,1699514798.0,313,0,1.0,313,t5_3gcwj,r/wholesomememes,14737784,False,10,False,False,False,trustybanjo1235,t2_w72f9re0,False,,False,i.redd.it
95,17rdg50,I love my husband so much!!!!!,/r/wholesomememes/comments/17rdg50/i_love_my_husband_so_much/,image,https://i.redd.it/zwbkxicavbzb1.jpg,1699538096.0,367,0,0.99,367,t5_3gcwj,r/wholesomememes,14737784,False,10,False,False,False,Parker7878,t2_oyq453zi,False,,False,i.redd.it
96,17r4g8o,What is the worst smell in the universe?,/r/AskReddit/comments/17r4g8o/what_is_the_worst_smell_in_the_universe/,,https://www.reddit.com/r/AskReddit/comments/17r4g8o/what_is_the_worst_smell_in_the_universe/,1699502188.0,308,0,0.9,308,t5_2qh1i,r/AskReddit,43752315,True,896,False,True,False,MoustacheJimbo,t2_2fa0mioo,False,,False,self.AskReddit
97,17qrvmw,Found an anti vaxxer group on youtube,/r/facepalm/comments/17qrvmw/found_an_anti_vaxxer_group_on_youtube/,,https://www.reddit.com/gallery/17qrvmw,1699467577.0,296,0,0.94,296,t5_2r5rp,r/facepalm,7788802,False,145,False,False,False,puplover250,t2_mxkeoxpl,False,,False,reddit.com
98,17qrjv0,16bit Sensation: Another Layer - Episode 6 discussion,/r/anime/comments/17qrjv0/16bit_sensation_another_layer_episode_6_discussion/,,https://www.reddit.com/r/anime/comments/17qrjv0/16bit_sensation_another_layer_episode_6_discussion/,1699466665.0,294,0,0.96,294,t5_2qh22,r/anime,8420960,False,81,False,True,False,AutoLovepon,t2_1jzq3sy,True,['entertainment'],False,self.anime
99,17r5ib1,Pluto is just........ Incredible.,/r/anime/comments/17r5ib1/pluto_is_just_incredible/,self,https://www.reddit.com/r/anime/comments/17r5ib1/pluto_is_just_incredible/,1699506027.0,302,0,0.91,302,t5_2qh22,r/anime,8420960,False,59,False,True,False,crest_of_the_lord,t2_5nkbygkt,False,['entertainment'],1699519733.0,self.anime
